[
  {
    "id": "/subscriptions/01d25870-50cf-4f73-8397-563ced00491e/resourceGroups/rg-DIO/providers/Microsoft.Resources/deployments/Microsoft.DataFactory-20250428103620/operations/0C2B42D189254E34",
    "operationId": "0C2B42D189254E34",
    "properties": {
      "provisioningOperation": "Create",
      "provisioningState": "Succeeded",
      "timestamp": "2025-04-28T13:43:23.253978Z",
      "duration": "PT6.423133S",
      "trackingId": "5a26c0c3-c03c-4568-9b2a-1601cf700378",
      "statusCode": "OK",
      "targetResource": {
        "id": "/subscriptions/01d25870-50cf-4f73-8397-563ced00491e/resourceGroups/rg-DIO/providers/Microsoft.DataFactory/factories/adf-DIO-Diego",
        "resourceType": "Microsoft.DataFactory/factories",
        "resourceName": "adf-DIO-Diego"
      }
    }
  },
  {
    "id": "/subscriptions/01d25870-50cf-4f73-8397-563ced00491e/resourceGroups/rg-DIO/providers/Microsoft.Resources/deployments/Microsoft.DataFactory-20250428103620/operations/08584557590857188496",
    "operationId": "08584557590857188496",
    "properties": {
      "provisioningOperation": "EvaluateDeploymentOutput",
      "provisioningState": "Succeeded",
      "timestamp": "2025-04-28T13:43:23.253978Z",
      "duration": "PT6.5481332S",
      "trackingId": "557fbbc9-c8ee-4813-bcae-c287aec798ff",
      "statusCode": "OK"
    }
  }
]