{
  "id": "/subscriptions/01d25870-50cf-4f73-8397-563ced00491e/resourceGroups/rg-DIO/providers/Microsoft.Resources/deployments/Microsoft.DataFactory-20250428103620",
  "name": "Microsoft.DataFactory-20250428103620",
  "type": "Microsoft.Resources/deployments",
  "properties": {
    "templateHash": "885626415747157646",
    "parameters": {
      "subscription": {
        "type": "String",
        "value": "01d25870-50cf-4f73-8397-563ced00491e"
      },
      "resourceGroup": {
        "type": "String",
        "value": "rg-DIO"
      },
      "name": {
        "type": "String",
        "value": "adf-DIO-Diego"
      },
      "version": {
        "type": "String",
        "value": "V2"
      },
      "location": {
        "type": "String",
        "value": "eastus"
      },
      "tagsByResource": {
        "type": "Object",
        "value": {}
      },
      "vNetEnabled": {
        "type": "Bool",
        "value": false
      },
      "publicNetworkAccess": {
        "type": "Bool",
        "value": true
      },
      "privateEndpoints": {
        "type": "Array",
        "value": []
      },
      "gitConfigureLater": {
        "type": "Bool",
        "value": true
      },
      "gitRepoType": {
        "type": "String",
        "value": "FactoryVSTSConfiguration"
      },
      "gitAccountName": {
        "type": "String",
        "value": ""
      },
      "gitProjectName": {
        "type": "String",
        "value": ""
      },
      "gitRepositoryName": {
        "type": "String",
        "value": ""
      },
      "gitCollaborationBranch": {
        "type": "String",
        "value": "master"
      },
      "gitRootFolder": {
        "type": "String",
        "value": "/"
      },
      "userAssignedIdentities": {
        "type": "Object",
        "value": {
          "type": "SystemAssigned"
        }
      },
      "userAssignedIdentitiesStr": {
        "type": "String",
        "value": "{\"type\": \"SystemAssigned,UserAssigned\", \"userAssignedIdentities\": {\"\": {}"
      },
      "vaultBaseUrl": {
        "type": "String",
        "value": ""
      },
      "keyName": {
        "type": "String",
        "value": ""
      },
      "keyVersion": {
        "type": "String",
        "value": ""
      },
      "enableCMK": {
        "type": "Bool",
        "value": false
      },
      "cmkIdentity": {
        "type": "String",
        "value": ""
      }
    },
    "mode": "Incremental",
    "debugSetting": {
      "detailLevel": "None"
    },
    "provisioningState": "Succeeded",
    "timestamp": "2025-04-28T13:43:29.8333612Z",
    "duration": "PT10.0766228S",
    "correlationId": "1e939ace-589b-40f2-98ac-65f6823a638a",
    "providers": [
      {
        "namespace": "Microsoft.DataFactory",
        "resourceTypes": [
          {
            "resourceType": "factories",
            "locations": [
              "eastus"
            ]
          }
        ]
      }
    ],
    "dependencies": [],
    "outputResources": [
      {
        "id": "/subscriptions/01d25870-50cf-4f73-8397-563ced00491e/resourceGroups/rg-DIO/providers/Microsoft.DataFactory/factories/adf-DIO-Diego"
      }
    ],
    "validationLevel": "Template"
  },
  "tags": {
    "marketplaceItemId": "Microsoft.DataFactory"
  }
}